{"cameraMode":{"drawMode":0,"name":"Shaded","section":"Shading Mode"},"sceneLighting":false,"audioPlay":false,"sceneViewState":{"m_AlwaysRefresh":false,"showFog":true,"showSkybox":false,"showFlares":true,"showImageEffects":true,"showParticleSystems":true,"showVisualEffectGraphs":true,"m_FxEnabled":true},"in2DMode":false,"pivot":{"x":0.43562281131744387,"y":0.061589717864990237,"z":-1.9662997722625733},"rotation":{"x":-0.018915431573987008,"y":-0.9760996699333191,"z":0.1946253776550293,"w":-0.09487373381853104},"size":2.1938636302948,"orthographic":false}